-- populate_data_mysql.sql
USE e_hotels;

-- Insertion des chaînes hôtelières dans HOTELCHAIN
INSERT INTO HOTELCHAIN (bureauaddress, bureaucity, bureaupostalcode, chainphonenum, chainemail, chainname)
VALUES 
('123 Main Street', 'Toronto', 'M5V 2H1', '+1-416-555-1212,+1-416-555-1213', 'info@azurehotels.com,reservations@azurehotels.com', 'Azure Hotels'),
('456 Summit Avenue', 'Vancouver', 'V6B 2H9', '+1-604-555-1212,+1-604-555-1213,+1-604-555-1214', 'info@summitresorts.com,reservations@summitresorts.com', 'Summit Resorts'),
('789 Broadway', 'New York', '10003', '+1-212-555-1212,+1-212-555-1213', 'info@crestlinehotels.com,reservations@crestlinehotels.com', 'Crestline Hotels'),
('1010 Prairie Avenue', 'Winnipeg', 'R3T 1A6', '+1-204-555-1212,+1-204-555-1213', 'anthony.leroy@prairieinnsuites.com,sarah.burnett@prairieinnsuites.com', 'Prairie Inn & Suites'),
('1111 Ocean Boulevard', 'Los Angeles', '90210', '+1-310-555-1212,+1-310-555-1213', 'info@pacificpalmshotels.com', 'Pacific Palms Hotels');

-- Insertion d'exemples d'hôtels dans HOTEL
INSERT INTO HOTEL (hotelid, chainid, hotelrating, hotelnumrooms, hoteladdress, hotelcity, hotelpostalcode, hotelphonenum, hotelemail, managerssn, hotelname)
VALUES 
(10, 1, 4.7, 5, '123 Main St', 'Toronto', 'M5H 1W7', '416-555-1234', 'toronto@azurehotels.com', '123-44-6789', 'Azure Hotel Toronto'),
(11, 1, 4.0, 5, '456 Main St', 'Vancouver', 'V5K 2A1', '604-555-5678', 'vancouver@azurehotels.com', '555-55-5555', 'Azure Hotel Vancouver'),
(12, 1, 4.8, 5, '321 Main St', 'Halifax', 'B3J 3J5', '902-555-3456', 'halifax@azurehotels.com', '222-22-2222', 'Azure Hotel Halifax'),
(13, 2, 1.2, 5, '6101 W Century Blvd', 'Los Angeles', '90045', '310-642-1111', 'reservations@sheratongatewaylosangeles.com', '987-65-4321', 'Sheraton Gateway Los Angeles Hotel'),
(14, 2, 4.6, 5, '21951 Golden Springs Dr', 'Diamond Bar', '91765', '909-860-6290', 'reservations@ayreshotels.com', '123-45-6789', 'Ayres Suites Diamond Bar'),
(15, 2, 1.6, 5, '404 S Figueroa St', 'Los Angeles', '90071', '213-624-1000', 'info@thebonaventure.com', '416-78-9012', 'The Westin Bonaventure Hotel & Suites'),
(16, 1, 4.6, 5, '789 Main St', 'Montreal', 'H3G 1J8', '514-555-9012', 'montreal@azurehotels.com', '111-11-1111', 'Azure Hotel Montreal'),
(17, 1, 1.1, 5, '654 Main St', 'Ottawa', 'K1N 7B7', '613-555-7890', 'ottawa@azurehotels.com', '333-33-3333', 'Azure Hotel Ottawa'),
(18, 1, 1.3, 5, '987 Main St', 'Calgary', 'T2G 1L1', '403-555-2345', 'calgary@azurehotels.com', '444-44-4444', 'Azure Hotel Calgary'),
(19, 1, 4.8, 5, '246 Main St', 'Quebec City', 'G1R 4R7', '418-555-6789', 'quebec@azurehotels.com', '888-88-8888', 'Azure Hotel Quebec City'),
(20, 2, 3.1, 5, '135 Main St', 'Edmonton', 'T5J 0N4', '780-555-0123', 'edmonton@azurehotels.com', '999-99-9999', 'Azure Hotel Edmonton'),
(21, 3, 1.3, 5, '1234 Yonge St', 'Toronto', 'M5S 1W7', '416-123-4567', 'toronto@summitresorts.com', '987-65-4321', 'Summit Resort Toronto'),
(22, 3, 3.5, 5, '5678 Rue Sainte-Catherine', 'Montreal', 'H3G 1M8', '514-123-4567', 'montreal@summitresorts.com', '123-45-6789', 'Summit Resort Montreal'),
(23, 3, 4.0, 5, '910 Granville St', 'Vancouver', 'V6Z 1L2', '604-123-4567', 'vancouver@summitresorts.com', '214-56-7890', 'Summit Resort Vancouver'),
(24, 3, 1.6, 5, '1111 Hollis St', 'Halifax', 'B3H 2P6', '902-123-4567', 'halifax@summitresorts.com', '315-67-8901', 'Summit Resort Halifax'),
(25, 3, 2.3, 5, '2222 Carling Ave', 'Ottawa', 'K2B 7E9', '613-123-4567', 'ottawa@summitresorts.com', '416-78-9012', 'Summit Resort Ottawa'),
(26, 3, 4.5, 5, '3333 Sunridge Way NE', 'Calgary', 'T1Y 7K5', '403-123-4567', 'calgary@summitresorts.com', '587-89-0123', 'Summit Resort Calgary'),
(27, 3, 4.0, 5, '4444 Rue Sainte-Catherine', 'Quebec City', 'G1R 4N8', '418-123-4567', 'quebeccity@summitresorts.com', '670-90-1234', 'Summit Resort Quebec City'),
(28, 3, 2.6, 5, '5555 Calgary Trail NW', 'Edmonton', 'T6H 5P9', '780-123-4567', 'edmonton@summitresorts.com', '789-01-2345', 'Summit Resort Edmonton'),
(29, 4, 1.3, 5, '8345 105 St NW', 'Edmonton', 'T6E 4H2', '780-555-1212', 'downtown@crestlinehotels.com', '890-12-3456', 'Crestline Suites Downtown'),
(30, 4, 3.5, 5, '4321 No. 3 Road', 'Richmond', 'V6X 2C3', '604-555-1212', 'vancouverairport@crestlinehotels.com', '901-23-4567', 'Crestline Hotel Vancouver Airport'),
(31, 4, 2.3, 5, '3700 Victoria Ave', 'Brandon', 'R7B 2Z4', '204-555-1212', 'brandon@crestlinehotels.com', '012-34-5678', 'Crestline Inn and Suites'),
(32, 4, 2.7, 5, '715 Pembina Hwy', 'Winnipeg', 'R3M 2L7', '204-555-1212', 'winnipeg@crestlinehotels.com', '234-56-7890', 'Crestline Hotel and Suites'),
(33, 4, 1.1, 5, '415 Vansickle Rd', 'St Catharines', 'L2S 3W4', '905-555-1212', 'stcatharines@crestlinehotels.com', '345-67-8901', 'Crestline Hotel and Conference Centre'),
(34, 4, 2.2, 5, '625 Rae Street', 'Regina', 'S4T 2B3', '306-555-1212', 'regina@crestlinehotels.com', '456-78-9012', 'Crestline Suites'),
(35, 4, 1.0, 5, '1316 33rd St NE', 'Calgary', 'T2A 6B6', '403-555-1212', 'calgary@crestlinehotels.com', '567-89-0123', 'Crestline Plaza Hotel and Suites'),
(36, 4, 1.1, 5, '2400 Chemin George-Muir', 'Mont-Tremblant', 'J8E 1L7', '819-555-1212', 'monttremblant@crestlinehotels.com', '678-90-1234', 'Crestline Hotel and Resort'),
(37, 5, 4.5, 5, '10411 100 St', 'Westlock', 'T7P 2C6', '780-349-3401', 'westlock@prairieinnandsuites.com', '136-06-9805', 'Prairie Inn & Suites Westlock'),
(38, 5, 1.5, 5, '6109 49 St', 'Barrhead', 'T7N 1A6', '780-284-2225', 'barrhead@prairieinnandsuites.com', '545-68-4788', 'Prairie Inn & Suites Barrhead'),
(39, 5, 1.9, 5, '6041 Highway 16A West', 'Vegreville', 'T9C 0A3', '780-632-2288', 'vegreville@prairieinnandsuites.com', '416-02-6229', 'Prairie Inn & Suites Vegreville'),
(40, 5, 1.8, 5, '5409 48 St', 'High Prairie', 'T0G 1E0', '780-523-3977', 'highprairie@prairieinnandsuites.com', '509-60-4266', 'Prairie Inn & Suites High Prairie'),
(41, 5, 4.1, 5, '8016 99 Ave', 'Peace River', 'T8S 1R2', '780-624-3411', 'peaceriver@prairieinnandsuites.com', '315-67-8901', 'Prairie Inn & Suites Peace River'),
(42, 5, 4.4, 5, '4501 41 Ave', 'St. Paul', 'T0A 3A2', '780-645-5999', 'stpaul@prairieinnandsuites.com', '789-01-2345', 'Prairie Inn & Suites St. Paul'),
(43, 5, 3.3, 5, '5411 55 St', 'Cold Lake', 'T9M 1R5', '780-594-5252', 'coldlake@prairieinnandsuites.com', '345-67-8901', 'Prairie Inn & Suites Cold Lake'),
(44, 5, 2.1, 5, '865 Gregg Ave', 'Hinton', 'T7V 1N1', '780-865-3321', 'hinton@prairieinnandsuites.com', '567-89-0123', 'Prairie Inn & Suites Hinton'),
(45, 2, 1.7, 5, '1 Industry Hills Pkwy', 'City of Industry', '91744', '626-810-4455', 'reservations@pacificpalmsresort.com', '678-90-1234', 'Pacific Palms Resort'),
(46, 2, 2.0, 5, '4222 Vineland Ave', 'North Hollywood', '91602', '818-980-8000', 'info@thegarland.com', '890-12-3456', 'The Garland'),
(47, 2, 2.1, 5, '1015 W Colton Ave', 'Redlands', '92374', '909-335-9024', 'reservations@ayreshotels.com', '587-89-0123', 'Ayres Hotel Redlands'),
(48, 2, 1.5, 5, '333 E Ocean Blvd', 'Long Beach', '90802', '562-436-3000', 'info@westinlb.com', '315-67-8901', 'The Westin Long Beach'),
(50, 2, 1.4, 5, '260 Portofino Way', 'Redondo Beach', '90277', '310-379-8481', 'info@hotelportofino.com', '999-99-9999', 'The Portofino Hotel & Marina');


-- Insertion d'exemples de chambres dans HOTELROOM
INSERT INTO HOTELROOM (roomprice, roomcapacity, roomviewtype, roomexpandable, roomcommodities, roomproblems, hotelid)
VALUES 
(120.00, 2, 'city', TRUE, 'towels,television,air conditioning,wi-fi', NULL, 10),
(250.00, 4, 'garden', FALSE, 'towels,toiletries,television,desk,coffee maker,safe,hairdryer,closet,heating,wi-fi', 'Broken lamp', 10),
(120.00, 2, 'city', true, 'towels,television,air conditioning,wi-fi', NULL, 10),
(250.00, 4, 'garden', false, 'towels,toiletries,television,desk,coffee maker,safe,hairdryer,closet,heating,wi-fi', 'Broken lamp', 10),
(80.00, 1, 'city', false, 'towels,television,air conditioning,wi-fi', NULL, 10),
(150.00, 3, 'garden', true, 'towels,toiletries,television,telephone,desk,fridge,safe,hairdryer,closet,air conditioning,heating,wi-fi', NULL, 10),
(200.00, 2, 'pool', true, 'towels,toiletries,television,coffee maker,safe,hairdryer,closet,air conditioning,heating,wi-fi', 'Leaky faucet', 10),
(119.99, 2, 'city', true, 'towels,television,air conditioning,wi-fi', NULL, 11),
(249.99, 4, 'city', false, 'towels,toiletries,television,desk,coffee maker,safe,hairdryer,closet,heating,wi-fi', NULL, 11),
(79.99, 1, 'city', true, 'towels,television,air conditioning,wi-fi', NULL, 11),
(149.99, 3, 'city', true, 'towels,toiletries,television,telephone,desk,fridge,safe,hairdryer,closet,air conditioning,heating,wi-fi', NULL, 11),
(200.99, 2, 'pool', true, 'towels,toiletries,television,coffee maker,safe,hairdryer,closet,air conditioning,heating,wi-fi', NULL, 11),
(119.99, 2, 'city', true, 'towels,television,air conditioning,wi-fi', NULL, 12),
(249.99, 4, 'city', false, 'towels,toiletries,television,desk,coffee maker,safe,hairdryer,closet,heating,wi-fi', NULL, 12),
(79.99, 1, 'city', true, 'towels,television,air conditioning,wi-fi', NULL, 12),
(149.99, 3, 'city', true, 'towels,toiletries,television,telephone,desk,fridge,safe,hairdryer,closet,air conditioning,heating,wi-fi', NULL, 12),
(200.99, 2, 'pool', true, 'towels,toiletries,television,coffee maker,safe,hairdryer,closet,air conditioning,heating,wi-fi', NULL, 12),
(119.99, 2, 'city', true, 'towels,television,air conditioning,wi-fi', NULL, 13),
(249.99, 4, 'city', false, 'towels,toiletries,television,desk,coffee maker,safe,hairdryer,closet,heating,wi-fi', NULL, 13),
(79.99, 1, 'city', true, 'towels,television,air conditioning,wi-fi', NULL, 13),
(149.99, 3, 'city', true, 'towels,toiletries,television,telephone,desk,fridge,safe,hairdryer,closet,air conditioning,heating,wi-fi', NULL, 13),
(200.99, 2, 'pool', true, 'towels,toiletries,television,coffee maker,safe,hairdryer,closet,air conditioning,heating,wi-fi', NULL, 13),
(119.99, 2, 'city', true, 'towels,television,air conditioning,wi-fi', NULL, 14),
(249.99, 4, 'city', false, 'towels,toiletries,television,desk,coffee maker,safe,hairdryer,closet,heating,wi-fi', NULL, 14),
(79.99, 1, 'garden', true, 'towels,television,air conditioning,wi-fi', 'Leaky Faucet', 14),
(149.99, 3, 'city', true, 'towels,toiletries,television,telephone,desk,fridge,safe,hairdryer,closet,air conditioning,heating,wi-fi', NULL, 14),
(200.99, 2, 'pool', true, 'towels,toiletries,television,coffee maker,safe,hairdryer,closet,air conditioning,heating,wi-fi', NULL, 14),
(119.99, 2, 'city', true, 'towels,television,air conditioning,wi-fi', NULL, 15),
(249.99, 4, 'city', false, 'towels,toiletries,television,desk,coffee maker,safe,hairdryer,closet,heating,wi-fi', NULL, 15),
(79.99, 1, 'pool', true, 'towels,television,air conditioning,wi-fi', NULL, 15),
(80.00, 1, 'city', false, 'towels,television,air conditioning,wi-fi', NULL, 10),
(150.00, 3, 'garden', true, 'towels,toiletries,television,telephone,desk,fridge,safe,hairdryer,closet,air conditioning,heating,wi-fi', NULL, 10),
(200.00, 2, 'pool', true, 'towels,toiletries,television,coffee maker,safe,hairdryer,closet,air conditioning,heating,wi-fi', 'Leaky faucet', 10),
(119.99, 2, 'city', true, 'towels,television,air conditioning,wi-fi', NULL, 11),
(249.99, 4, 'city', false, 'towels,toiletries,television,desk,coffee maker,safe,hairdryer,closet,heating,wi-fi', NULL, 11),
(79.99, 1, 'city', true, 'towels,television,air conditioning,wi-fi', NULL, 11),
(149.99, 3, 'city', true, 'towels,toiletries,television,telephone,desk,fridge,safe,hairdryer,closet,air conditioning,heating,wi-fi', NULL, 11),
(200.99, 2, 'pool', true, 'towels,toiletries,television,coffee maker,safe,hairdryer,closet,air conditioning,heating,wi-fi', NULL, 11),
(119.99, 2, 'city', true, 'towels,television,air conditioning,wi-fi', NULL, 12),
(249.99, 4, 'city', false, 'towels,toiletries,television,desk,coffee maker,safe,hairdryer,closet,heating,wi-fi', NULL, 12),
(79.99, 1, 'city', true, 'towels,television,air conditioning,wi-fi', NULL, 12),
(149.99, 3, 'city', true, 'towels,toiletries,television,telephone,desk,fridge,safe,hairdryer,closet,air conditioning,heating,wi-fi', NULL, 12),
(200.99, 2, 'pool', true, 'towels,toiletries,television,coffee maker,safe,hairdryer,closet,air conditioning,heating,wi-fi', NULL, 12),
(119.99, 2, 'city', true, 'towels,television,air conditioning,wi-fi', NULL, 13),
(249.99, 4, 'city', false, 'towels,toiletries,television,desk,coffee maker,safe,hairdryer,closet,heating,wi-fi', NULL, 13),
(79.99, 1, 'city', true, 'towels,television,air conditioning,wi-fi', NULL, 13),
(149.99, 3, 'city', true, 'towels,toiletries,television,telephone,desk,fridge,safe,hairdryer,closet,air conditioning,heating,wi-fi', NULL, 13),
(200.99, 2, 'pool', true, 'towels,toiletries,television,coffee maker,safe,hairdryer,closet,air conditioning,heating,wi-fi', NULL, 13),
(119.99, 2, 'city', true, 'towels,television,air conditioning,wi-fi', NULL, 14),
(249.99, 4, 'city', false, 'towels,toiletries,television,desk,coffee maker,safe,hairdryer,closet,heating,wi-fi', NULL, 14),
(79.99, 1, 'garden', true, 'towels,television,air conditioning,wi-fi', 'Leaky Faucet', 14),
(149.99, 3, 'city', true, 'towels,toiletries,television,telephone,desk,fridge,safe,hairdryer,closet,air conditioning,heating,wi-fi', NULL, 14),
(200.99, 2, 'pool', true, 'towels,toiletries,television,coffee maker,safe,hairdryer,closet,air conditioning,heating,wi-fi', NULL, 14),
(119.99, 2, 'city', true, 'towels,television,air conditioning,wi-fi', NULL, 15),
(249.99, 4, 'city', false, 'towels,toiletries,television,desk,coffee maker,safe,hairdryer,closet,heating,wi-fi', NULL, 15),
(79.99, 1, 'pool', true, 'towels,television,air conditioning,wi-fi', NULL, 15),
(149.99, 3, 'city', true, 'towels,toiletries,television,telephone,desk,fridge,safe,hairdryer,closet,air conditioning,heating,wi-fi', NULL, 20),
(200.99, 2, 'pool', true, 'towels,toiletries,television,coffee maker,safe,hairdryer,closet,air conditioning,heating,wi-fi', NULL, 20),
(119.99, 2, 'city', true, 'towels,television,air conditioning,wi-fi', NULL, 21),
(249.99, 4, 'city', false, 'towels,toiletries,television,desk,coffee maker,safe,hairdryer,closet,heating,wi-fi', NULL, 21),
(79.99, 1, 'city', true, 'towels,television,air conditioning,wi-fi', NULL, 21),
(149.99, 3, 'city', true, 'towels,toiletries,television,telephone,desk,fridge,safe,hairdryer,closet,air conditioning,heating,wi-fi', NULL, 21),
(200.99, 2, 'pool', true, 'towels,toiletries,television,coffee maker,safe,hairdryer,closet,air conditioning,heating,wi-fi', NULL, 21),
(119.99, 2, 'city', true, 'towels,television,air conditioning,wi-fi', NULL, 22),
(249.99, 4, 'city', false, 'towels,toiletries,television,desk,coffee maker,safe,hairdryer,closet,heating,wi-fi', NULL, 22),
(79.99, 1, 'city', true, 'towels,television,air conditioning,wi-fi', NULL, 22),
(149.99, 3, 'city', true, 'towels,toiletries,television,telephone,desk,fridge,safe,hairdryer,closet,air conditioning,heating,wi-fi', NULL, 22),
(200.99, 2, 'pool', true, 'towels,toiletries,television,coffee maker,safe,hairdryer,closet,air conditioning,heating,wi-fi', NULL, 22),
(119.99, 2, 'city', true, 'towels,television,air conditioning,wi-fi', NULL, 23),
(249.99, 4, 'city', false, 'towels,toiletries,television,desk,coffee maker,safe,hairdryer,closet,heating,wi-fi', NULL, 23),
(79.99, 1, 'city', true, 'towels,television,air conditioning,wi-fi', NULL, 23),
(149.99, 3, 'city', true, 'towels,toiletries,television,telephone,desk,fridge,safe,hairdryer,closet,air conditioning,heating,wi-fi', NULL, 23),
(200.99, 2, 'pool', true, 'towels,toiletries,television,coffee maker,safe,hairdryer,closet,air conditioning,heating,wi-fi', NULL, 23),
(119.99, 2, 'city', true, 'towels,television,air conditioning,wi-fi', NULL, 24),
(249.99, 4, 'city', false, 'towels,toiletries,television,desk,coffee maker,safe,hairdryer,closet,heating,wi-fi', NULL, 24),
(79.99, 1, 'city', true, 'towels,television,air conditioning,wi-fi', NULL, 24),
(149.99, 3, 'city', true, 'towels,toiletries,television,telephone,desk,fridge,safe,hairdryer,closet,air conditioning,heating,wi-fi', NULL, 24),
(200.99, 2, 'pool', true, 'towels,toiletries,television,coffee maker,safe,hairdryer,closet,air conditioning,heating,wi-fi', NULL, 24),
(119.99, 2, 'city', true, 'towels,television,air conditioning,wi-fi', NULL, 25),
(249.99, 4, 'city', false, 'towels,toiletries,television,desk,coffee maker,safe,hairdryer,closet,heating,wi-fi', NULL, 25),
(79.99, 1, 'city', true, 'towels,television,air conditioning,wi-fi', NULL, 25),
(149.99, 3, 'city', true, 'towels,toiletries,television,telephone,desk,fridge,safe,hairdryer,closet,air conditioning,heating,wi-fi', NULL, 25),
(200.99, 2, 'pool', true, 'towels,toiletries,television,coffee maker,safe,hairdryer,closet,air conditioning,heating,wi-fi', NULL, 25),
(119.99, 2, 'city', true, 'towels,television,air conditioning,wi-fi', NULL, 26),
(249.99, 4, 'city', false, 'towels,toiletries,television,desk,coffee maker,safe,hairdryer,closet,heating,wi-fi', NULL, 26),
(79.99, 1, 'city', true, 'towels,television,air conditioning,wi-fi', NULL, 26),
(149.99, 3, 'city', true, 'towels,toiletries,television,telephone,desk,fridge,safe,hairdryer,closet,air conditioning,heating,wi-fi', NULL, 26),
(200.99, 2, 'pool', true, 'towels,toiletries,television,coffee maker,safe,hairdryer,closet,air conditioning,heating,wi-fi', NULL, 26),
(119.99, 2, 'city', true, 'towels,television,air conditioning,wi-fi', NULL, 27),
(249.99, 4, 'city', true, 'towels,toiletries,television,desk,coffee maker,safe,hairdryer,closet,air conditioning,heating,wi-fi', NULL, 27),
(79.99, 1, 'city', true, 'towels,television,air conditioning,wi-fi', NULL, 27),
(149.99, 3, 'city', true, 'towels,toiletries,television,telephone,desk,fridge,safe,hairdryer,closet,air conditioning,heating,wi-fi', NULL, 27),
(200.99, 2, 'pool', true, 'towels,toiletries,television,coffee maker,safe,hairdryer,closet,air conditioning,heating,wi-fi', NULL, 27),
(119.99, 2, 'city', true, 'towels,television,air conditioning,wi-fi', NULL, 28),
(249.99, 4, 'city', false, 'towels,toiletries,television,desk,coffee maker,safe,hairdryer,closet,heating,wi-fi', NULL, 28),
(79.99, 1, 'city', true, 'towels,television,air conditioning,wi-fi', NULL, 28),
(149.99, 3, 'city', true, 'towels,toiletries,television,telephone,desk,fridge,safe,hairdryer,closet,air conditioning,heating,wi-fi', NULL, 28),
(119.99, 2, 'city', true, 'towels,television,air conditioning,wi-fi', NULL, 29),
(249.99, 4, 'city', false, 'towels,toiletries,television,desk,coffee maker,safe,hairdryer,closet,heating,wi-fi', NULL, 29),
(79.99, 1, 'city', true, 'towels,television,air conditioning,wi-fi', NULL, 29),
(149.99, 3, 'city', true, 'towels,toiletries,television,telephone,desk,fridge,safe,hairdryer,closet,air conditioning,heating,wi-fi', NULL, 29),
(200.99, 2, 'pool', true, 'towels,toiletries,television,coffee maker,safe,hairdryer,closet,air conditioning,heating,wi-fi', NULL, 29),
(119.99, 2, 'city', true, 'towels,television,air conditioning,wi-fi', NULL, 30),
(249.99, 4, 'city', false, 'towels,toiletries,television,desk,coffee maker,safe,hairdryer,closet,heating,wi-fi', NULL, 30),
(79.99, 1, 'city', true, 'towels,television,air conditioning,wi-fi', NULL, 30),
(149.99, 3, 'city', true, 'towels,toiletries,television,telephone,desk,fridge,safe,hairdryer,closet,air conditioning,heating,wi-fi', NULL, 30),
(200.99, 2, 'pool', true, 'towels,toiletries,television,coffee maker,safe,hairdryer,closet,air conditioning,heating,wi-fi', NULL, 30),
(119.99, 2, 'city', true, 'towels,television,air conditioning,wi-fi', NULL, 31),
(249.99, 4, 'city', false, 'towels,toiletries,television,desk,coffee maker,safe,hairdryer,closet,heating,wi-fi', NULL, 31),
(79.99, 1, 'city', true, 'towels,television,air conditioning,wi-fi', NULL, 31),
(149.99, 3, 'city', true, 'towels,toiletries,television,telephone,desk,fridge,safe,hairdryer,closet,air conditioning,heating,wi-fi', NULL, 31),
(200.99, 2, 'pool', true, 'towels,toiletries,television,coffee maker,safe,hairdryer,closet,air conditioning,heating,wi-fi', NULL, 31),
(119.99, 2, 'city', true, 'towels,television,air conditioning,wi-fi', NULL, 32),
(249.99, 4, 'city', false, 'towels,toiletries,television,desk,coffee maker,safe,hairdryer,closet,heating,wi-fi', NULL, 32),
(79.99, 1, 'city', true, 'towels,television,air conditioning,wi-fi', NULL, 32),
(149.99, 3, 'city', true, 'towels,toiletries,television,telephone,desk,fridge,safe,hairdryer,closet,air conditioning,heating,wi-fi', NULL, 32),
(200.99, 2, 'pool', true, 'towels,toiletries,television,coffee maker,safe,hairdryer,closet,air conditioning,heating,wi-fi', NULL, 32),
(119.99, 2, 'city', true, 'towels,television,air conditioning,wi-fi', NULL, 33),
(249.99, 4, 'city', true, 'towels,toiletries,television,desk,coffee maker,safe,hairdryer,closet,heating,wi-fi', NULL, 27),
(79.99, 1, 'city', true, 'towels,television,air conditioning,wi-fi', NULL, 27),
(149.99, 3, 'city', true, 'towels,toiletries,television,telephone,desk,fridge,safe,hairdryer,closet,air conditioning,heating,wi-fi', NULL, 27),
(200.99, 2, 'pool', true, 'towels,toiletries,television,coffee maker,safe,hairdryer,closet,air conditioning,heating,wi-fi', NULL, 27),
(119.99, 2, 'city', true, 'towels,television,air conditioning,wi-fi', NULL, 28),
(249.99, 4, 'city', false, 'towels,toiletries,television,desk,coffee maker,safe,hairdryer,closet,heating,wi-fi', NULL, 28),
(79.99, 1, 'city', true, 'towels,television,air conditioning,wi-fi', NULL, 28),
(149.99, 3, 'city', true, 'towels,toiletries,television,telephone,desk,fridge,safe,hairdryer,closet,air conditioning,heating,wi-fi', NULL, 28),
(119.99, 2, 'city', true, 'towels,television,air conditioning,wi-fi', NULL, 29),
(249.99, 4, 'city', false, 'towels,toiletries,television,desk,coffee maker,safe,hairdryer,closet,heating,wi-fi', NULL, 29),
(79.99, 1, 'city', true, 'towels,television,air conditioning,wi-fi', NULL, 29),
(149.99, 3, 'city', true, 'towels,toiletries,television,telephone,desk,fridge,safe,hairdryer,closet,air conditioning,heating,wi-fi', NULL, 29),
(200.99, 2, 'pool', true, 'towels,toiletries,television,coffee maker,safe,hairdryer,closet,air conditioning,heating,wi-fi', NULL, 29),
(119.99, 2, 'city', true, 'towels,television,air conditioning,wi-fi', NULL, 30),
(249.99, 4, 'city', false, 'towels,toiletries,television,desk,coffee maker,safe,hairdryer,closet,heating,wi-fi', NULL, 30),
(79.99, 1, 'city', true, 'towels,television,air conditioning,wi-fi', NULL, 30),
(149.99, 3, 'city', true, 'towels,toiletries,television,telephone,desk,fridge,safe,hairdryer,closet,air conditioning,heating,wi-fi', NULL, 30),
(200.99, 2, 'pool', true, 'towels,toiletries,television,coffee maker,safe,hairdryer,closet,air conditioning,heating,wi-fi', NULL, 30),
(119.99, 2, 'city', true, 'towels,television,air conditioning,wi-fi', NULL, 31),
(249.99, 4, 'city', false, 'towels,toiletries,television,desk,coffee maker,safe,hairdryer,closet,heating,wi-fi', NULL, 31),
(79.99, 1, 'city', true, 'towels,television,air conditioning,wi-fi', NULL, 31),
(149.99, 3, 'city', true, 'towels,toiletries,television,telephone,desk,fridge,safe,hairdryer,closet,air conditioning,heating,wi-fi', NULL, 31),
(200.99, 2, 'pool', true, 'towels,toiletries,television,coffee maker,safe,hairdryer,closet,air conditioning,heating,wi-fi', NULL, 31),
(119.99, 2, 'city', true, 'towels,television,air conditioning,wi-fi', NULL, 32),
(249.99, 4, 'city', false, 'towels,toiletries,television,desk,coffee maker,safe,hairdryer,closet,heating,wi-fi', NULL, 32),
(79.99, 1, 'city', true, 'towels,television,air conditioning,wi-fi', NULL, 32),
(149.99, 3, 'city', true, 'towels,toiletries,television,telephone,desk,fridge,safe,hairdryer,closet,air conditioning,heating,wi-fi', NULL, 32),
(200.99, 2, 'pool', true, 'towels,toiletries,television,coffee maker,safe,hairdryer,closet,air conditioning,heating,wi-fi', NULL, 32),
(119.99, 2, 'city', true, 'towels,television,air conditioning,wi-fi', NULL, 33),
(249.99, 4, 'city', false, 'towels,toiletries,television,desk,coffee maker,safe,hairdryer,closet,heating,wi-fi', NULL, 33),
(79.99, 1, 'city', true, 'towels,television,air conditioning,wi-fi', NULL, 33),
(149.99, 3, 'sea', true, 'towels,toiletries,television,telephone,desk,fridge,safe,hairdryer,closet,air conditioning,heating,wi-fi', NULL, 41),
(200.99, 2, 'pool', true, 'towels,toiletries,television,coffee maker,safe,hairdryer,closet,air conditioning,heating,wi-fi', NULL, 41),
(119.99, 2, 'street', true, 'towels,television,air conditioning,wi-fi', NULL, 42),
(249.99, 4, 'sea', false, 'towels,toiletries,television,desk,coffee maker,safe,hairdryer,closet,heating,wi-fi', NULL, 42),
(79.99, 1, 'garden', true, 'towels,television,air conditioning,wi-fi', NULL, 42),
(149.99, 3, 'sea', true, 'towels,toiletries,television,telephone,desk,fridge,safe,hairdryer,closet,air conditioning,heating,wi-fi', NULL, 42),
(200.99, 2, 'pool', true, 'towels,toiletries,television,coffee maker,safe,hairdryer,closet,air conditioning,heating,wi-fi', NULL, 42),
(119.99, 2, 'street', true, 'towels,television,air conditioning,wi-fi', NULL, 43),
(249.99, 4, 'sea', false, 'towels,toiletries,television,desk,coffee maker,safe,hairdryer,closet,heating,wi-fi', NULL, 43),
(79.99, 1, 'garden', true, 'towels,television,air conditioning,wi-fi', NULL, 43),
(149.99, 3, 'sea', true, 'towels,toiletries,television,telephone,desk,fridge,safe,hairdryer,closet,air conditioning,heating,wi-fi', NULL, 43),
(200.99, 2, 'pool', true, 'towels,toiletries,television,coffee maker,safe,hairdryer,closet,air conditioning,heating,wi-fi', NULL, 43),
(119.99, 2, 'street', true, 'towels,television,air conditioning,wi-fi', NULL, 44),
(249.99, 4, 'sea', false, 'towels,toiletries,television,desk,coffee maker,safe,hairdryer,closet,heating,wi-fi', NULL, 44),
(79.99, 1, 'garden', true, 'towels,television,air conditioning,wi-fi', NULL, 44),
(149.99, 3, 'sea', true, 'towels,toiletries,television,telephone,desk,fridge,safe,hairdryer,closet,air conditioning,heating,wi-fi', NULL, 44),
(200.99, 2, 'pool', true, 'towels,toiletries,television,coffee maker,safe,hairdryer,closet,air conditioning,heating,wi-fi', NULL, 44),
(119.99, 2, 'street', true, 'towels,television,air conditioning,wi-fi', NULL, 45),
(249.99, 4, 'sea', false, 'towels,toiletries,television,desk,coffee maker,safe,hairdryer,closet,heating,wi-fi', NULL, 45),
(79.99, 1, 'garden', true, 'towels,television,air conditioning,wi-fi', NULL, 45),
(149.99, 3, 'sea', true, 'towels,toiletries,television,telephone,desk,fridge,safe,hairdryer,closet,air conditioning,heating,wi-fi', NULL, 45),
(200.99, 2, 'pool', true, 'towels,toiletries,television,coffee maker,safe,hairdryer,closet,air conditioning,heating,wi-fi', NULL, 45),
(119.99, 2, 'street', true, 'towels,television,air conditioning,wi-fi', NULL, 46),
(249.99, 4, 'sea', false, 'towels,toiletries,television,desk,coffee maker,safe,hairdryer,closet,heating,wi-fi', NULL, 46),
(79.99, 1, 'garden', true, 'towels,television,air conditioning,wi-fi', NULL, 46),
(149.99, 3, 'sea', true, 'towels,toiletries,television,telephone,desk,fridge,safe,hairdryer,closet,air conditioning,heating,wi-fi', NULL, 46),
(200.99, 2, 'pool', true, 'towels,toiletries,television,coffee maker,safe,hairdryer,closet,air conditioning,heating,wi-fi', NULL, 46),
(219.99, 2, 'street', true, 'towels,television,air conditioning,wi-fi', NULL, 47),
(349.99, 4, 'sea', false, 'towels,toiletries,television,desk,coffee maker,safe,hairdryer,closet,heating,wi-fi', NULL, 47),
(89.99, 1, 'garden', true, 'towels,television,air conditioning,wi-fi', NULL, 47),
(159.99, 3, 'sea', true, 'towels,toiletries,television,telephone,desk,fridge,safe,hairdryer,closet,air conditioning,heating,wi-fi', NULL, 47),
(240.99, 2, 'pool', true, 'towels,toiletries,television,coffee maker,safe,hairdryer,closet,air conditioning,heating,wi-fi', NULL, 47),
(119.99, 2, 'street', true, 'towels,television,air conditioning,wi-fi', NULL, 48),
(149.99, 3, 'sea', true, 'towels,toiletries,television,telephone,desk,fridge,safe,hairdryer,closet,air conditioning,heating,wi-fi', NULL, 41),
(200.99, 2, 'pool', true, 'towels,toiletries,television,coffee maker,safe,hairdryer,closet,air conditioning,heating,wi-fi', NULL, 41),
(119.99, 2, 'street', true, 'towels,television,air conditioning,wi-fi', NULL, 42),
(249.99, 4, 'sea', false, 'towels,toiletries,television,desk,coffee maker,safe,hairdryer,closet,heating,wi-fi', NULL, 42),
(79.99, 1, 'garden', true, 'towels,television,air conditioning,wi-fi', NULL, 42),
(149.99, 3, 'sea', true, 'towels,toiletries,television,telephone,desk,fridge,safe,hairdryer,closet,air conditioning,heating,wi-fi', NULL, 42),
(200.99, 2, 'pool', true, 'towels,toiletries,television,coffee maker,safe,hairdryer,closet,air conditioning,heating,wi-fi', NULL, 42),
(119.99, 2, 'street', true, 'towels,television,air conditioning,wi-fi', NULL, 43),
(249.99, 4, 'sea', false, 'towels,toiletries,television,desk,coffee maker,safe,hairdryer,closet,heating,wi-fi', NULL, 43),
(79.99, 1, 'garden', true, 'towels,television,air conditioning,wi-fi', NULL, 43),
(149.99, 3, 'sea', true, 'towels,toiletries,television,telephone,desk,fridge,safe,hairdryer,closet,air conditioning,heating,wi-fi', NULL, 43),
(200.99, 2, 'pool', true, 'towels,toiletries,television,coffee maker,safe,hairdryer,closet,air conditioning,heating,wi-fi', NULL, 43),
(119.99, 2, 'street', true, 'towels,television,air conditioning,wi-fi', NULL, 44),
(249.99, 4, 'sea', false, 'towels,toiletries,television,desk,coffee maker,safe,hairdryer,closet,heating,wi-fi', NULL, 44),
(79.99, 1, 'garden', true, 'towels,television,air conditioning,wi-fi', NULL, 44),
(149.99, 3, 'sea', true, 'towels,toiletries,television,telephone,desk,fridge,safe,hairdryer,closet,air conditioning,heating,wi-fi', NULL, 44),
(200.99, 2, 'pool', true, 'towels,toiletries,television,coffee maker,safe,hairdryer,closet,air conditioning,heating,wi-fi', NULL, 44),
(119.99, 2, 'street', true, 'towels,television,air conditioning,wi-fi', NULL, 45),
(249.99, 4, 'sea', false, 'towels,toiletries,television,desk,coffee maker,safe,hairdryer,closet,heating,wi-fi', NULL, 45),
(79.99, 1, 'garden', true, 'towels,television,air conditioning,wi-fi', NULL, 45),
(149.99, 3, 'sea', true, 'towels,toiletries,television,telephone,desk,fridge,safe,hairdryer,closet,air conditioning,heating,wi-fi', NULL, 45),
(200.99, 2, 'pool', true, 'towels,toiletries,television,coffee maker,safe,hairdryer,closet,air conditioning,heating,wi-fi', NULL, 45),
(119.99, 2, 'street', true, 'towels,television,air conditioning,wi-fi', NULL, 46),
(249.99, 4, 'sea', false, 'towels,toiletries,television,desk,coffee maker,safe,hairdryer,closet,heating,wi-fi', NULL, 46),
(79.99, 1, 'garden', true, 'towels,television,air conditioning,wi-fi', NULL, 46),
(149.99, 3, 'sea', true, 'towels,toiletries,television,telephone,desk,fridge,safe,hairdryer,closet,air conditioning,heating,wi-fi', NULL, 46),
(200.99, 2, 'pool', true, 'towels,toiletries,television,coffee maker,safe,hairdryer,closet,air conditioning,heating,wi-fi', NULL, 46),
(219.99, 2, 'street', true, 'towels,television,air conditioning,wi-fi', NULL, 47),
(349.99, 4, 'sea', false, 'towels,toiletries,television,desk,coffee maker,safe,hairdryer,closet,heating,wi-fi', NULL, 47),
(89.99, 1, 'garden', true, 'towels,television,air conditioning,wi-fi', NULL, 47),
(159.99, 3, 'sea', true, 'towels,toiletries,television,telephone,desk,fridge,safe,hairdryer,closet,air conditioning,heating,wi-fi', NULL, 47),
(240.99, 2, 'pool', true, 'towels,toiletries,television,coffee maker,safe,hairdryer,closet,air conditioning,heating,wi-fi', NULL, 47),
(119.99, 2, 'street', true, 'towels,television,air conditioning,wi-fi', NULL, 48);


-- Insertion d'exemples pour CUSTOMER
INSERT INTO CUSTOMER (SSN, full_name, address, id_type, registration_date)
VALUES 
('546-45-7961', 'Astrid Fisher', '1284 Juniper Drive, Edmonton', 'SSN', '2023-04-08'),
('531-26-2218', 'Gideon Wright', '1612 Freshour Circle, Halifax', 'SSN', '2023-04-08');
-- (Ajoutez toutes les lignes)

-- Insertion d'exemples pour EMPLOYEE (vous pouvez aussi importer employees.csv via LOAD DATA INFILE)
INSERT INTO EMPLOYEE (SSN, hotel_id, full_name, address)
VALUES 
('123-44-6789', 10, 'Alice Smith', '123 Main St, Toronto'),
('987-65-4321', 11, 'Bob Johnson', '456 Maple Ave, Montreal'),
('555-55-5555', 12, 'Charlie Brown', '789 Oak St, Vancouver'),
('111-11-1111', 13, 'David Lee', '321 Elm St, Montreal'),
('222-22-2222', 14, 'Emily Wang', '654 Pine St, Halifax'),
('333-33-3333', 15, 'Frank Chen', '987 Cedar St, Ottawa'),
('444-44-4444', 16, 'George Zhang', '2100 Bow River Dr, Calgary'),
('888-88-8888', 17, 'Hannah Liu', '456 Grand Ave, Quebec City'),
('999-99-9999', 18, 'Isabella Garcia', '753 Jasper Ave, Edmonton'),
('450-11-1330', 19, 'Jane Doe', '123 Main St, Westlock'),
('502-72-0150', 20, 'John Smith', '456 Elm St, Barrhead'),
('505-42-1057', 21, 'Alice Jones', '789 Oak St, Vegreville'),
('136-06-9805', 21, 'Bob Johnson', '321 Maple St, High Prairie'),
('545-68-4788', 22, 'Emma Lee', '654 Cedar St, Peace River'),
('416-02-6229', 23, 'David Brown', '987 Pine St, St. Paul'),
('509-60-4266', 24, 'Sarah Taylor', '246 Birch St, Cold Lake'),
('486-23-4384', 25, 'Michael Davis', '135 Spruce St, Hinton'),
('123-45-6789', 26, 'John Doe', '123 Main St, Boston'),
('214-56-7890', 27, 'Jane Smith', '456 Park Ave, New York'),
('315-67-8901', 28, 'Robert Johnson', '789 Broadway, Chicago'),
('416-78-9012', 29, 'Emily Garcia', '1010 Main St, Los Angeles'),
('587-89-0123', 30, 'Michael Davis', '555 Fifth Ave, Seattle'),
('670-90-1234', 31, 'Sarah Brown', '222 Elm St, Dallas'),
('789-01-2345', 32, 'Daniel Rodriguez', '888 Pine St, San Francisco'),
('890-12-3456', 33, 'Rachel Gonzalez', '444 Fourth St, Miami'),
('901-23-4567', 34, 'David Wilson', '777 Seventh Ave, Houston'),
('012-34-5678', 35, 'Linda Lopez', '999 Ninth St, Atlanta'),
('234-56-7890', 36, 'Brian Jackson', '2222 Second St, Phoenix'),
('345-67-8901', 37,'Michelle Lee', '333 Third Ave, Minneapolis'),
('456-78-9012', 38, 'Christopher Martin', '456 Sixth St, Denver'),
('567-89-0123', 39, 'Amanda Anderson', '777 Seventh St, Portland'),
('678-90-1234', 40, 'Kevin Gomez', '888 Eighth Ave, San Diego');

-- Insertion pour EMPLOYEE_ROLE
INSERT INTO EMPLOYEE_ROLE (role_name)
VALUES ('manager'), ('receptionist'), ('cleaning'), ('maintenance');

-- Insertion pour EMP_ROLE (association)
INSERT INTO EMP_ROLE (employee_ssn, role_id)
VALUES ('123-44-6789', 1), ('987-65-4321', 2);

-- Insertion pour BOOKING
INSERT INTO BOOKING (customer_ssn, room_id, booking_date, start_date, end_date)
VALUES 
('546-45-7961', 43, '2023-04-08', '2023-04-08', '2023-04-13'),
('531-26-2218', 41, '2023-04-08', '2023-04-08', '2023-04-13');

-- Insertion pour RENTING
INSERT INTO RENTING (customer_ssn, room_id, employee_ssn, booking_id, checkin_date, checkout_date)
VALUES 
('546-45-7961', 43, '987-65-4321', 1, '2023-04-08', '2023-04-13');

-- Insertion pour PAYMENT
INSERT INTO PAYMENT (customer_ssn, amount, payment_date)
VALUES 
('546-45-7961', 750.00, '2023-04-08');
